"slug","symbol","name","date","ranknow","open","high","low","close","volume","market","close_ratio","spread"
"lykke","LKK","Lykke",2016-11-14,1174,0.04787,0.04787,0.047747,0.047747,74389,0,0,0
"lykke","LKK","Lykke",2016-11-15,1174,0.047797,0.047798,0.047337,0.047466,148901,0,0.258000000000008,0
"lykke","LKK","Lykke",2016-11-16,1174,0.047466,0.047553,0.047288,0.047469,165986,0,0.603333333333335,0
"lykke","LKK","Lykke",2016-11-17,1174,0.047469,0.047469,0.047244,0.047261,174691,0,0.0849999999999809,0
"lykke","LKK","Lykke",2016-11-18,1174,0.04719,0.047446,0.047079,0.047088,109794,0,0.0224999999999878,0
"lykke","LKK","Lykke",2016-11-19,1174,0.047156,0.047156,0.046935,0.046935,32027,0,0,0
"lykke","LKK","Lykke",2016-11-20,1174,0.046935,0.046935,0.046857,0.046857,37019,0,0,0
"lykke","LKK","Lykke",2016-11-21,1174,0.046863,0.047009,0.046799,0.046799,55514,0,0,0
"lykke","LKK","Lykke",2016-11-22,1174,0.046875,0.046875,0.046638,0.046715,126665,0,0.385000000000003,0
"lykke","LKK","Lykke",2016-11-23,1174,0.046733,0.046734,0.046547,0.046686,47841,0,0.695000000000001,0
"lykke","LKK","Lykke",2016-11-24,1174,0.046683,0.046709,0.0453,0.045652,149585,0,0.25142857142857,0
"lykke","LKK","Lykke",2016-11-25,1174,0.045639,0.045687,0.04527,0.045271,104415,0,0.0025000000000025,0
"lykke","LKK","Lykke",2016-11-26,1174,0.045271,0.046432,0.045271,0.046432,4421,0,0.967500000000002,0
"lykke","LKK","Lykke",2016-11-27,1174,0.046432,0.04651,0.046178,0.04651,6,0,1.10666666666669,0
"lykke","LKK","Lykke",2016-11-28,1174,0.04651,0.04651,0.046156,0.046156,62,0,0,0
"lykke","LKK","Lykke",2016-11-29,1174,0.046151,0.04648,0.046087,0.04648,557,1394403,0.982499999999994,0
"lykke","LKK","Lykke",2016-11-30,1174,0.046563,0.046563,0.045725,0.045725,53045,1371762,0,0
"lykke","LKK","Lykke",2016-12-01,1174,0.045725,0.045727,0.04572,0.045727,50987,1371804,Inf,0
"lykke","LKK","Lykke",2016-12-02,1174,0.045729,0.046729,0.045729,0.046729,7131,1401882,1,0
"lykke","LKK","Lykke",2016-12-03,1174,0.046722,0.046746,0.046722,0.046746,7115,1402371,Inf,0
"lykke","LKK","Lykke",2016-12-04,1174,0.046746,0.04678,0.046745,0.04678,2140,1403400,Inf,0
"lykke","LKK","Lykke",2016-12-05,1174,0.04668,0.04669,0.04668,0.046682,6628,1400472,Inf,0
"lykke","LKK","Lykke",2016-12-06,1174,0.046814,0.046936,0.046814,0.046913,38981,1407378,0.990000000000019,0
"lykke","LKK","Lykke",2016-12-07,1174,0.046908,0.04694,0.0469,0.04694,24862,1408200,Inf,0
"lykke","LKK","Lykke",2016-12-08,1174,0.04694,0.04694,0.046596,0.046737,2215,1402113,0.470000000000007,0
"lykke","LKK","Lykke",2016-12-09,1174,0.046471,0.046671,0.04645,0.046566,44900,1396992,0.580000000000025,0
"lykke","LKK","Lykke",2016-12-10,1174,0.046651,0.046898,0.046634,0.046898,193695,1406937,0.880000000000001,0
"lykke","LKK","Lykke",2016-12-11,1174,0.046898,0.047224,0.046598,0.047224,124986,1416711,1.04333333333334,0
"lykke","LKK","Lykke",2016-12-12,1174,0.047211,0.047665,0.047189,0.0475,265630,1424997,0.621999999999998,0
"lykke","LKK","Lykke",2016-12-13,1174,0.047572,0.048454,0.04726,0.048415,633687,1452450,0.962499999999997,0
"lykke","LKK","Lykke",2016-12-14,1174,0.048343,0.057512,0.048343,0.057497,12883,1724919,0.995,0.01
"lykke","LKK","Lykke",2016-12-15,1174,0.056805,0.056805,0.048076,0.048244,737,1447317,0.0193103448275864,0.01
"lykke","LKK","Lykke",2016-12-16,1174,0.048197,0.048981,0.047226,0.048034,11528,1441029,0.448888888888891,0
"lykke","LKK","Lykke",2016-12-17,1174,0.047988,0.052482,0.047986,0.052369,142,1571058,0.974,0
"lykke","LKK","Lykke",2016-12-18,1174,0.052369,0.05237,0.047902,0.048065,60,1441953,0.0362222222222214,0
"lykke","LKK","Lykke",2016-12-19,1174,0.048062,0.048453,0.048057,0.04845,2453,1453500,0.982499999999994,0
"lykke","LKK","Lykke",2016-12-20,1174,0.04845,0.04845,0.04779,0.04816,2451,1444800,0.528571428571432,0
"lykke","LKK","Lykke",2016-12-21,1174,0.04816,0.050848,0.048135,0.050001,12697,1500021,0.691111111111111,0
"lykke","LKK","Lykke",2016-12-22,1174,0.049992,0.050165,0.048959,0.049246,1502,1477383,0.239166666666663,0
"lykke","LKK","Lykke",2016-12-23,1174,0.049197,0.049336,0.048297,0.048306,1959,1449183,0.00900000000000206,0
"lykke","LKK","Lykke",2016-12-24,1174,0.048302,0.048504,0.047208,0.048131,742,1443921,0.71,0
"lykke","LKK","Lykke",2016-12-25,1174,0.048131,0.048131,0.047205,0.047326,1203,1419777,0.134444444444448,0
"lykke","LKK","Lykke",2016-12-26,1174,0.047331,0.048361,0.047331,0.048361,3578,1450842,1.03,0
"lykke","LKK","Lykke",2016-12-27,1174,0.04836,0.048886,0.048359,0.048886,9093,1466568,1.054,0
"lykke","LKK","Lykke",2016-12-28,1174,0.048893,0.050729,0.0484,0.048416,12592,1452471,0.00695652173913136,0
"lykke","LKK","Lykke",2016-12-29,1174,0.048451,0.049365,0.048451,0.049365,7970,1480956,1.01555555555555,0
"lykke","LKK","Lykke",2016-12-30,1174,0.049379,0.050074,0.049332,0.049966,11537,1498974,0.905714285714289,0
"lykke","LKK","Lykke",2016-12-31,1174,0.049924,0.049924,0.049859,0.049859,9627,1495758,0,0
"lykke","LKK","Lykke",2017-01-01,1174,0.049859,0.050585,0.049825,0.050584,16089,1517532,0.948749999999995,0
"lykke","LKK","Lykke",2017-01-02,1174,0.050619,0.050633,0.048445,0.048926,19110,1467783,0.218636363636361,0
"lykke","LKK","Lykke",2017-01-03,1174,0.048905,0.049404,0.048878,0.048878,7402,1466355,0,0
"lykke","LKK","Lykke",2017-01-04,1174,0.048875,0.049486,0.048676,0.049305,30199,1479138,0.786250000000006,0
"lykke","LKK","Lykke",2017-01-05,1174,0.049333,0.04989,0.0483,0.04989,25877,1496685,0.993749999999996,0
"lykke","LKK","Lykke",2017-01-06,1174,0.049895,0.051196,0.049131,0.051196,30549,1535886,0.983333333333332,0
"lykke","LKK","Lykke",2017-01-07,1174,0.051194,0.051194,0.044384,0.048517,2361,1455516,0.607794117647058,0.01
"lykke","LKK","Lykke",2017-01-08,1174,0.048517,0.048517,0.048391,0.048391,2345,1451742,0,0
"lykke","LKK","Lykke",2017-01-09,1174,0.048393,0.049163,0.048155,0.049163,5131,1474893,1.00799999999999,0
"lykke","LKK","Lykke",2017-01-10,1174,0.049201,0.049316,0.048797,0.048802,1829,1464069,0.00999999999999612,0
"lykke","LKK","Lykke",2017-01-11,1174,0.048802,0.048869,0.048392,0.048576,10863,1457292,0.368000000000007,0
"lykke","LKK","Lykke",2017-01-12,1174,0.048587,0.049578,0.040161,0.040194,7404,1205805,0.00351063829787216,0.01
"lykke","LKK","Lykke",2017-01-13,1174,0.04019,0.049935,0.040188,0.049935,3562,1498059,1.00484536082474,0.01
"lykke","LKK","Lykke",2017-01-14,1174,0.049937,0.049941,0.049503,0.049895,4501,1496841,0.980000000000009,0
"lykke","LKK","Lykke",2017-01-15,1174,0.049902,0.049908,0.049886,0.049891,4576,1496742,Inf,0
"lykke","LKK","Lykke",2017-01-16,1174,0.049799,0.049799,0.04968,0.04968,843,1490400,0,0
"lykke","LKK","Lykke",2017-01-17,1174,0.049673,0.05002,0.049602,0.05002,3279,1500594,1.045,0
"lykke","LKK","Lykke",2017-01-18,1174,0.050022,0.050147,0.049786,0.050044,2949,1501305,0.645000000000003,0
"lykke","LKK","Lykke",2017-01-19,1174,0.050036,0.050036,0.049765,0.049765,2811,1492944,0,0
"lykke","LKK","Lykke",2017-01-20,1174,0.049796,0.049993,0.049796,0.049984,1539,1499526,0.940000000000003,0
"lykke","LKK","Lykke",2017-01-21,1174,0.050022,0.050312,0.050022,0.050312,7419,1509360,0.966666666666685,0
"lykke","LKK","Lykke",2017-01-22,1174,0.050313,0.050331,0.050313,0.050331,1059,1509918,Inf,0
"lykke","LKK","Lykke",2017-01-23,1174,0.050331,0.050432,0.05002,0.05002,5078,1500600,0,0
"lykke","LKK","Lykke",2017-01-24,1174,0.05002,0.050459,0.05002,0.050323,1727,1509696,0.757499999999994,0
"lykke","LKK","Lykke",2017-01-25,1174,0.050306,0.050306,0.045004,0.045855,77136,1375653,0.160566037735849,0.01
"lykke","LKK","Lykke",2017-01-26,1174,0.045894,0.050313,0.045894,0.049694,40748,1490817,0.863636363636365,0
"lykke","LKK","Lykke",2017-01-27,1174,0.049722,0.05007,0.049274,0.050068,6907,1502046,0.992500000000004,0
"lykke","LKK","Lykke",2017-01-28,1174,0.050068,0.050849,0.05006,0.050849,28392,1525470,0.986249999999998,0
"lykke","LKK","Lykke",2017-01-29,1174,0.050849,0.05087,0.050506,0.050543,5203,1516281,0.0924999999999884,0
"lykke","LKK","Lykke",2017-01-30,1174,0.050575,0.050905,0.050557,0.050905,3431,1527147,1.16,0
"lykke","LKK","Lykke",2017-01-31,1174,0.050908,0.051373,0.050611,0.051072,7498,1532169,0.576249999999995,0
"lykke","LKK","Lykke",2017-02-01,1174,0.051074,0.051075,0.050718,0.050834,3403,1525032,0.289999999999995,0
"lykke","LKK","Lykke",2017-02-02,1174,0.050835,0.051576,0.05045,0.051284,32547,1538535,0.758181818181819,0
"lykke","LKK","Lykke",2017-02-03,1174,0.051205,0.051205,0.050656,0.051143,19475,1534287,0.974000000000003,0
"lykke","LKK","Lykke",2017-02-04,1174,0.051122,0.051212,0.05076,0.050775,8908,1523256,0.0300000000000022,0
"lykke","LKK","Lykke",2017-02-05,1174,0.050777,0.051135,0.05075,0.050812,10190,1524357,0.154999999999999,0
"lykke","LKK","Lykke",2017-02-06,1174,0.05085,0.051472,0.05085,0.051434,17913,1543011,0.973333333333335,0
"lykke","LKK","Lykke",2017-02-07,1174,0.05153,0.051711,0.050974,0.05158,22814,1547415,0.865714285714289,0
"lykke","LKK","Lykke",2017-02-08,1174,0.051575,0.051761,0.051066,0.051702,12924,1551063,0.908571428571425,0
"lykke","LKK","Lykke",2017-02-09,1174,0.051688,0.052207,0.051258,0.051371,30885,1541124,0.125555555555558,0
"lykke","LKK","Lykke",2017-02-10,1174,0.051363,0.0514,0.048024,0.049307,90189,1479195,0.37735294117647,0
"lykke","LKK","Lykke",2017-02-11,1174,0.049309,0.049309,0.048943,0.049138,4789,1474146,0.487500000000002,0
"lykke","LKK","Lykke",2017-02-12,1174,0.049135,0.049214,0.049088,0.049132,13645,1473960,0.440000000000024,0
"lykke","LKK","Lykke",2017-02-13,1174,0.049128,0.049128,0.048815,0.048993,8947,1469790,0.593333333333348,0
"lykke","LKK","Lykke",2017-02-14,1174,0.048984,0.048986,0.04846,0.048882,4805,1466460,0.843999999999998,0
"lykke","LKK","Lykke",2017-02-15,1174,0.048917,0.048922,0.048371,0.048804,3965,1464132,0.721666666666671,0
"lykke","LKK","Lykke",2017-02-16,1174,0.048804,0.048804,0.048207,0.048596,10112,1457892,0.648333333333334,0
"lykke","LKK","Lykke",2017-02-17,1174,0.048644,0.049072,0.046522,0.046522,33887,1395672,0,0
"lykke","LKK","Lykke",2017-02-18,1174,0.046515,0.047787,0.046308,0.047787,12188,1433598,0.986000000000001,0
"lykke","LKK","Lykke",2017-02-19,1174,0.047787,0.048521,0.047787,0.047843,12092,1435278,0.0799999999999908,0
"lykke","LKK","Lykke",2017-02-20,1174,0.047844,0.04816,0.047844,0.04816,8340,1444797,1.05333333333335,0
"lykke","LKK","Lykke",2017-02-21,1174,0.048156,0.048156,0.047526,0.047526,3164,1425783,0,0
"lykke","LKK","Lykke",2017-02-22,1174,0.047512,0.047647,0.047414,0.047628,3604,1428846,1.06999999999999,0
"lykke","LKK","Lykke",2017-02-23,1174,0.047628,0.047628,0.047428,0.047428,7933,1422852,0,0
"lykke","LKK","Lykke",2017-02-24,1174,0.047426,0.047599,0.047416,0.047535,3311,1426047,0.595000000000005,0
"lykke","LKK","Lykke",2017-02-25,1174,0.047516,0.047525,0.047416,0.047525,2050,1425753,1.08999999999998,0
"lykke","LKK","Lykke",2017-02-26,1174,0.047527,0.047531,0.046747,0.04742,8414,1422612,0.84125,0
"lykke","LKK","Lykke",2017-02-27,1174,0.04742,0.047494,0.046998,0.047355,13623,1420635,0.714000000000006,0
"lykke","LKK","Lykke",2017-02-28,1174,0.047316,0.047452,0.047194,0.047452,4126,1423548,0.860000000000004,0
"lykke","LKK","Lykke",2017-03-01,1174,0.047451,0.04753,0.046815,0.04752,6771,1425612,1.00714285714285,0
"lykke","LKK","Lykke",2017-03-02,1174,0.04752,0.04752,0.047366,0.047366,2539,1420968,0,0
"lykke","LKK","Lykke",2017-03-03,1174,0.047364,0.047364,0.046963,0.04709,6311,1412709,0.317500000000005,0
"lykke","LKK","Lykke",2017-03-04,1174,0.047103,0.047211,0.047049,0.047051,5146,1411542,0.01000000000001,0
"lykke","LKK","Lykke",2017-03-05,1174,0.047051,0.047373,0.047024,0.047202,7496,1416063,0.593333333333325,0
"lykke","LKK","Lykke",2017-03-06,1174,0.0472,0.047289,0.04706,0.04725,7748,1417512,0.950000000000013,0
"lykke","LKK","Lykke",2017-03-07,1174,0.047248,0.047248,0.04702,0.047156,5723,1414689,0.680000000000021,0
"lykke","LKK","Lykke",2017-03-08,1174,0.047135,0.047135,0.045954,0.045954,27313,1378605,0,0
"lykke","LKK","Lykke",2017-03-09,1174,0.045949,0.046957,0.045942,0.04643,22640,1392906,0.488000000000002,0
"lykke","LKK","Lykke",2017-03-10,1174,0.046434,0.047753,0.046434,0.047753,13331,1432596,1.01461538461538,0
"lykke","LKK","Lykke",2017-03-11,1174,0.047753,0.047753,0.047466,0.04762,9147,1428606,0.513333333333338,0
"lykke","LKK","Lykke",2017-03-12,1174,0.047621,0.047622,0.047202,0.047559,1715,1426758,0.892499999999991,0
"lykke","LKK","Lykke",2017-03-13,1174,0.04756,0.048069,0.04756,0.047989,6466,1439682,0.857999999999998,0
"lykke","LKK","Lykke",2017-03-14,1174,0.047964,0.047964,0.047672,0.047863,1366,1435887,0.636666666666679,0
"lykke","LKK","Lykke",2017-03-15,1174,0.047853,0.048152,0.047805,0.048069,13982,1442076,0.880000000000001,0
"lykke","LKK","Lykke",2017-03-16,1174,0.04807,0.048936,0.04807,0.048936,14978,1468074,0.962222222222221,0
"lykke","LKK","Lykke",2017-03-17,1174,0.048927,0.048975,0.04835,0.048697,14793,1460901,0.578333333333333,0
"lykke","LKK","Lykke",2017-03-18,1174,0.048686,0.048804,0.048628,0.048804,8981,1464114,0.880000000000013,0
"lykke","LKK","Lykke",2017-03-19,1174,0.048804,0.048804,0.048688,0.048697,4511,1460898,0.0899999999999512,0
"lykke","LKK","Lykke",2017-03-20,1174,0.048696,0.048755,0.048405,0.048415,6781,1452453,0.0250000000000077,0
"lykke","LKK","Lykke",2017-03-21,1174,0.048414,0.04894,0.048403,0.048814,21197,1464417,0.822000000000003,0
"lykke","LKK","Lykke",2017-03-22,1174,0.048811,0.049839,0.048707,0.049106,19997,1473177,0.36272727272727,0
"lykke","LKK","Lykke",2017-03-23,1174,0.049105,0.05047,0.049102,0.050443,25429,1513284,0.957857142857144,0
"lykke","LKK","Lykke",2017-03-24,1174,0.05043,0.050879,0.050327,0.050715,22339,1521456,0.646666666666677,0
"lykke","LKK","Lykke",2017-03-25,1174,0.050707,0.050707,0.050416,0.050419,8169,1512567,0.00999999999998687,0
"lykke","LKK","Lykke",2017-03-26,1174,0.050421,0.050543,0.050344,0.050543,3883,1516284,0.994999999999989,0
"lykke","LKK","Lykke",2017-03-27,1174,0.0506,0.051038,0.050505,0.050505,6022,1515144,0,0
"lykke","LKK","Lykke",2017-03-28,1174,0.050501,0.050931,0.050433,0.050433,4298,1512990,0,0
"lykke","LKK","Lykke",2017-03-29,1174,0.050359,0.050602,0.05023,0.050357,5276,1510698,0.317500000000005,0
"lykke","LKK","Lykke",2017-03-30,1174,0.050362,0.050397,0.049911,0.049911,3725,1497324,0,0
"lykke","LKK","Lykke",2017-03-31,1174,0.049886,0.050272,0.049863,0.050159,6007,1504785,0.740000000000011,0
"lykke","LKK","Lykke",2017-04-01,1174,0.050137,0.050153,0.049826,0.050093,4344,1502793,0.889999999999988,0
"lykke","LKK","Lykke",2017-04-02,1174,0.050092,0.050092,0.049962,0.049962,1577,1498875,0,0
"lykke","LKK","Lykke",2017-04-03,1174,0.050019,0.050287,0.049753,0.050287,7368,1508601,1.068,0
"lykke","LKK","Lykke",2017-04-04,1174,0.0503,0.050483,0.050234,0.050473,6636,1514181,1.19499999999998,0
"lykke","LKK","Lykke",2017-04-05,1174,0.0505,0.050516,0.0497,0.049905,9653,1497150,0.256249999999996,0
"lykke","LKK","Lykke",2017-04-06,1174,0.049954,0.051099,0.049954,0.051099,19740,1532961,1.04090909090909,0
"lykke","LKK","Lykke",2017-04-07,1174,0.051083,0.051634,0.05099,0.05136,15184,1540791,0.61666666666667,0
"lykke","LKK","Lykke",2017-04-08,1174,0.051328,0.051528,0.051166,0.051313,9592,1539381,0.367499999999986,0
"lykke","LKK","Lykke",2017-04-09,1174,0.051313,0.051638,0.051313,0.051638,6839,1549125,1.08333333333335,0
"lykke","LKK","Lykke",2017-04-10,1174,0.05165,0.051965,0.05165,0.05192,4926,1557588,0.899999999999998,0
"lykke","LKK","Lykke",2017-04-11,1174,0.051914,0.052708,0.05191,0.052708,20622,1581249,0.9975,0
"lykke","LKK","Lykke",2017-04-12,1174,0.052706,0.055571,0.052704,0.055309,70003,5229292,0.898275862068964,0
"lykke","LKK","Lykke",2017-04-13,1174,0.055365,0.058215,0.055365,0.05807,57297,5557262,0.932758620689655,0
"lykke","LKK","Lykke",2017-04-14,1174,0.058065,0.063686,0.058059,0.063506,8242,6109519,0.972678571428573,0.01
"lykke","LKK","Lykke",2017-04-15,1174,0.063504,0.064305,0.063025,0.064305,34742,6185848,0.984615384615387,0
"lykke","LKK","Lykke",2017-04-16,1174,0.064307,0.065308,0.064193,0.065308,17815,5735306,1.01363636363637,0
"lykke","LKK","Lykke",2017-04-17,1174,0.065305,0.070621,0.065287,0.070598,32850,6268694,1.00207547169811,0.01
"lykke","LKK","Lykke",2017-04-18,1174,0.07058,0.082022,0.070167,0.081698,67853,9872526,0.968991596638657,0.01
"lykke","LKK","Lykke",2017-04-19,1174,0.081726,0.124222,0.081112,0.097833,202267,12480184,0.387958236658933,0.04
"lykke","LKK","Lykke",2017-04-20,1174,0.097909,0.105991,0.084316,0.103954,137412,13256691,0.904976958525346,0.02
"lykke","LKK","Lykke",2017-04-21,1174,0.103903,0.119645,0.103861,0.113404,159920,14733994,0.603987341772152,0.02
"lykke","LKK","Lykke",2017-04-22,1174,0.11353,0.129729,0.1134,0.129729,114944,16996805,1.0017791411043,0.02
"lykke","LKK","Lykke",2017-04-23,1174,0.129729,0.147353,0.126944,0.147353,239166,19515073,1.00044117647059,0.02
"lykke","LKK","Lykke",2017-04-24,1174,0.147386,0.167495,0.143531,0.154551,160348,20759591,0.459166666666667,0.02
"lykke","LKK","Lykke",2017-04-25,1174,0.154716,0.167696,0.12052,0.146479,282666,19661505,0.549978813559322,0.05
"lykke","LKK","Lykke",2017-04-26,1174,0.146421,0.167941,0.114961,0.145094,244875,19484306,0.568547169811321,0.05
"lykke","LKK","Lykke",2017-04-27,1174,0.14519,0.148945,0.136146,0.142436,210494,19089117,0.491406250000001,0.01
"lykke","LKK","Lykke",2017-04-28,1174,0.142466,0.142566,0.134632,0.134632,108761,18045327,0,0.01
"lykke","LKK","Lykke",2017-04-29,1174,0.1346,0.134761,0.134551,0.134712,58246,18055174,0.804999999999972,0
"lykke","LKK","Lykke",2017-04-30,1174,0.134712,0.136252,0.134357,0.134967,40604,18095822,0.321052631578947,0
"lykke","LKK","Lykke",2017-05-01,1174,0.134967,0.13497,0.120697,0.12128,196099,16260725,0.0407692307692308,0.01
"lykke","LKK","Lykke",2017-05-02,1174,0.121266,0.15857,0.119688,0.137083,261596,18372591,0.447172236503856,0.04
"lykke","LKK","Lykke",2017-05-03,1174,0.137176,0.138478,0.134384,0.138134,88632,18568705,0.914634146341464,0
"lykke","LKK","Lykke",2017-05-04,1174,0.138015,0.144237,0.137383,0.143328,62739,19268343,0.861594202898552,0.01
"lykke","LKK","Lykke",2017-05-05,1174,0.143409,0.148549,0.143409,0.146344,74157,19863461,0.57549019607843,0.01
"lykke","LKK","Lykke",2017-05-06,1174,0.146376,0.147304,0.145921,0.146315,74993,19859525,0.281428571428575,0
"lykke","LKK","Lykke",2017-05-07,1174,0.146315,0.147471,0.146315,0.147471,48189,20022573,0.963333333333325,0
"lykke","LKK","Lykke",2017-05-08,1174,0.147472,0.154318,0.147472,0.154318,66465,20952210,1.00676470588236,0.01
"lykke","LKK","Lykke",2017-05-09,1174,0.154294,0.155204,0.152043,0.152043,80034,20642445,0,0
"lykke","LKK","Lykke",2017-05-10,1174,0.15206,0.157939,0.15204,0.157513,75322,21385091,0.927627118644064,0.01
"lykke","LKK","Lykke",2017-05-11,1174,0.157657,0.170165,0.156198,0.167218,171699,22989438,0.787142857142857,0.01
"lykke","LKK","Lykke",2017-05-12,1174,0.167242,0.170021,0.165928,0.16754,75436,27397975,0.393170731707318,0
"lykke","LKK","Lykke",2017-05-13,1174,0.16757,0.168555,0.165203,0.167978,57259,24741859,0.816176470588235,0
"lykke","LKK","Lykke",2017-05-14,1174,0.16809,0.170992,0.167747,0.170479,51456,25110237,0.853749999999995,0
"lykke","LKK","Lykke",2017-05-15,1174,0.170493,0.170656,0.165807,0.170167,104747,25064282,0.908333333333334,0
"lykke","LKK","Lykke",2017-05-16,1174,0.170193,0.1713,0.169112,0.171261,87607,25225419,0.976818181818175,0
"lykke","LKK","Lykke",2017-05-17,1174,0.171297,0.177868,0.169954,0.177792,50653,26185358,0.992151898734179,0.01
"lykke","LKK","Lykke",2017-05-18,1174,0.177745,0.195156,0.17508,0.193928,205245,28602574,0.937711442786068,0.02
"lykke","LKK","Lykke",2017-05-19,1174,0.193767,0.195243,0.189227,0.192714,175250,28421728,0.581166666666665,0.01
"lykke","LKK","Lykke",2017-05-20,1174,0.192746,0.198985,0.192712,0.198727,89779,29308533,0.954761904761904,0.01
"lykke","LKK","Lykke",2017-05-21,1174,0.198678,0.202803,0.196563,0.1993,67438,29393040,0.441451612903229,0.01
"lykke","LKK","Lykke",2017-05-22,1174,0.199781,0.205742,0.196737,0.198746,263828,29339160,0.223222222222223,0.01
"lykke","LKK","Lykke",2017-05-23,1174,0.198574,0.204579,0.198574,0.20399,176794,30100231,0.902666666666667,0.01
"lykke","LKK","Lykke",2017-05-24,1174,0.203989,0.22419,0.203176,0.222798,312994,32947617,0.934380952380952,0.02
"lykke","LKK","Lykke",2017-05-25,1174,0.222898,0.23899,0.219346,0.222738,403503,32938584,0.173061224489795,0.02
"lykke","LKK","Lykke",2017-05-26,1174,0.221819,0.253588,0.221819,0.241696,473301,35742221,0.625062893081761,0.03
"lykke","LKK","Lykke",2017-05-27,1174,0.241991,0.248149,0.234236,0.240304,444383,33136281,0.436546762589927,0.01
"lykke","LKK","Lykke",2017-05-28,1174,0.240896,0.255012,0.239898,0.24273,25920,33472046,0.187549668874172,0.02
"lykke","LKK","Lykke",2017-05-29,1174,0.242378,0.251576,0.238429,0.244055,537795,33638172,0.429465648854961,0.01
"lykke","LKK","Lykke",2017-05-30,1174,0.244002,0.246685,0.239716,0.242417,325595,33389775,0.38585714285714,0.01
"lykke","LKK","Lykke",2017-05-31,1174,0.242623,0.244846,0.240091,0.240965,245421,33188594,0.182083333333336,0
"lykke","LKK","Lykke",2017-06-01,1174,0.241023,0.259442,0.241023,0.259442,633637,35718912,1.00103260869565,0.02
"lykke","LKK","Lykke",2017-06-02,1174,0.25957,0.277651,0.258262,0.277651,515506,38190194,0.999432989690721,0.02
"lykke","LKK","Lykke",2017-06-03,1174,0.277634,0.288324,0.273315,0.288324,296293,39618329,1.0006,0.02
"lykke","LKK","Lykke",2017-06-04,1174,0.287971,0.29277,0.285784,0.292091,221764,40146959,0.901000000000001,0.01
"lykke","LKK","Lykke",2017-06-05,1174,0.292102,0.306355,0.291325,0.304566,391379,41837633,0.882733333333334,0.02
"lykke","LKK","Lykke",2017-06-06,1174,0.305007,0.329605,0.305007,0.329339,720362,47189196,0.989105691056911,0.02
"lykke","LKK","Lykke",2017-06-07,1174,0.329452,0.348153,0.325155,0.339141,688792,48702256,0.608086956521739,0.02
"lykke","LKK","Lykke",2017-06-08,1174,0.339993,0.353195,0.338127,0.352874,730355,51483633,0.976622516556292,0.02
"lykke","LKK","Lykke",2017-06-09,1174,0.352552,0.382727,0.350948,0.373236,1046980,55028865,0.700880503144655,0.03
"lykke","LKK","Lykke",2017-06-10,1174,0.373426,0.394891,0.373426,0.390578,801438,57433728,0.797767441860465,0.02
"lykke","LKK","Lykke",2017-06-11,1174,0.390352,0.403811,0.381299,0.391778,807497,57613274,0.465733333333334,0.02
"lykke","LKK","Lykke",2017-06-12,1174,0.391638,0.399091,0.321421,0.377156,1894870,55444311,0.717310167310167,0.08
"lykke","LKK","Lykke",2017-06-13,1174,0.370519,0.389834,0.358603,0.383133,1343500,61534249,0.786217948717949,0.03
"lykke","LKK","Lykke",2017-06-14,1174,0.383054,0.407795,0.380641,0.389896,1425370,62682872,0.340257352941177,0.03
"lykke","LKK","Lykke",2017-06-15,1174,0.389329,0.400254,0.349492,0.380913,1640960,61295006,0.618523622047244,0.05
"lykke","LKK","Lykke",2017-06-16,1174,0.381477,0.397083,0.372806,0.397029,717008,63888263,0.996831275720164,0.02
"lykke","LKK","Lykke",2017-06-17,1174,0.396877,0.405067,0.390709,0.404594,546017,65105570,0.964236111111114,0.01
"lykke","LKK","Lykke",2017-06-18,1174,0.404423,0.407785,0.39127,0.396499,476122,64593151,0.31690909090909,0.02
"lykke","LKK","Lykke",2017-06-19,1174,0.396301,0.414717,0.394748,0.405347,899770,66037628,0.529950000000001,0.02
"lykke","LKK","Lykke",2017-06-20,1174,0.405296,0.420831,0.401562,0.415024,1094620,67654959,0.697512953367877,0.02
"lykke","LKK","Lykke",2017-06-21,1174,0.415297,0.418019,0.386169,0.392247,1334180,64037787,0.191132075471699,0.03
"lykke","LKK","Lykke",2017-06-22,1174,0.392986,0.397604,0.380054,0.380054,853466,62052919,0,0.02
"lykke","LKK","Lykke",2017-06-23,1174,0.380263,0.398154,0.380244,0.395289,622202,64619489,0.840502793296088,0.02
"lykke","LKK","Lykke",2017-06-24,1174,0.396489,0.40743,0.392696,0.396072,631857,64747487,0.229659863945578,0.01
"lykke","LKK","Lykke",2017-06-25,1174,0.398903,0.400229,0.356279,0.368944,994958,60312756,0.288496583143508,0.04
"lykke","LKK","Lykke",2017-06-26,1174,0.368866,0.376746,0.312318,0.339279,1489130,55056164,0.418649068322982,0.06
"lykke","LKK","Lykke",2017-06-27,1174,0.345341,0.346711,0.281405,0.338763,1179480,54973031,0.878376722817764,0.07
"lykke","LKK","Lykke",2017-06-28,1174,0.341842,0.383313,0.338542,0.38124,1353970,61879614,0.953080357142857,0.04
"lykke","LKK","Lykke",2017-06-29,1174,0.38093,0.382446,0.35632,0.37672,726309,61120449,0.781609195402298,0.03
"lykke","LKK","Lykke",2017-06-30,1174,0.37709,0.379236,0.365618,0.370622,478924,60131511,0.367941176470589,0.01
"lykke","LKK","Lykke",2017-07-01,1174,0.372494,0.372494,0.347899,0.352581,544853,57201480,0.190325203252031,0.02
"lykke","LKK","Lykke",2017-07-02,1174,0.352602,0.370058,0.348572,0.368705,489039,59817906,0.936418604651163,0.02
"lykke","LKK","Lykke",2017-07-03,1174,0.36807,0.371462,0.362343,0.363929,507365,59043058,0.174285714285712,0.01
"lykke","LKK","Lykke",2017-07-04,1174,0.363966,0.386503,0.363212,0.367964,986935,59697688,0.203948497854079,0.02
"lykke","LKK","Lykke",2017-07-05,1174,0.367919,0.367919,0.348855,0.356595,503142,57853206,0.405235602094239,0.02
"lykke","LKK","Lykke",2017-07-06,1174,0.356785,0.356823,0.347129,0.347989,409818,56456987,0.0886597938144301,0.01
"lykke","LKK","Lykke",2017-07-07,1174,0.348214,0.348639,0.316619,0.319248,651226,51794109,0.0821562499999998,0.03
"lykke","LKK","Lykke",2017-07-08,1174,0.319356,0.326427,0.317286,0.325183,208931,52756991,0.867802197802196,0.01
"lykke","LKK","Lykke",2017-07-09,1174,0.325293,0.325798,0.319822,0.319822,159851,51887233,0,0.01
"lykke","LKK","Lykke",2017-07-10,1174,0.319944,0.322146,0.26595,0.26778,831196,43444051,0.0325622775800711,0.06
"lykke","LKK","Lykke",2017-07-11,1174,0.267693,0.267693,0.22899,0.235599,1023780,38223075,0.17077519379845,0.04
"lykke","LKK","Lykke",2017-07-12,1174,0.23532,0.28022,0.231856,0.274584,1053020,44547918,0.882809917355372,0.05
"lykke","LKK","Lykke",2017-07-13,1174,0.274476,0.278022,0.266659,0.269173,402535,43670049,0.220526315789475,0.01
"lykke","LKK","Lykke",2017-07-14,1174,0.269219,0.270475,0.259058,0.269242,289223,43681243,0.893333333333331,0.01
"lykke","LKK","Lykke",2017-07-15,1174,0.269064,0.269379,0.251764,0.253392,219691,62294828,0.092500000000001,0.02
"lykke","LKK","Lykke",2017-07-16,1174,0.253084,0.257589,0.237365,0.249327,494958,62417480,0.592178217821782,0.02
"lykke","LKK","Lykke",2017-07-17,1174,0.249067,0.255215,0.243305,0.252159,704875,63134421,0.744033613445381,0.01
"lykke","LKK","Lykke",2017-07-18,1174,0.252497,0.253019,0.242297,0.245462,677794,61455843,0.295794392523365,0.01
"lykke","LKK","Lykke",2017-07-19,1174,0.246018,0.253696,0.240487,0.244703,442250,61265814,0.319393939393939,0.01
"lykke","LKK","Lykke",2017-07-20,1174,0.245128,0.257957,0.241093,0.254445,411005,63736689,0.790059171597632,0.02
"lykke","LKK","Lykke",2017-07-21,1174,0.256153,0.257756,0.249076,0.253457,234211,63489202,0.503563218390804,0.01
"lykke","LKK","Lykke",2017-07-22,1174,0.253479,0.257671,0.253104,0.25702,104954,64380776,0.851304347826094,0
"lykke","LKK","Lykke",2017-07-23,1174,0.256977,0.257486,0.250872,0.254215,165923,63676871,0.506515151515158,0.01
"lykke","LKK","Lykke",2017-07-24,1174,0.254317,0.256069,0.251771,0.252213,131466,63175461,0.102790697674418,0
"lykke","LKK","Lykke",2017-07-25,1174,0.252201,0.253248,0.238988,0.242995,191465,60867948,0.280209790209789,0.01
"lykke","LKK","Lykke",2017-07-26,1174,0.242584,0.243968,0.23671,0.240395,104238,60216672,0.504794520547944,0.01
"lykke","LKK","Lykke",2017-07-27,1174,0.241614,0.242273,0.237514,0.238843,65703,59827911,0.276874999999999,0
"lykke","LKK","Lykke",2017-07-28,1174,0.239246,0.241616,0.233765,0.236131,189662,59148580,0.299493670886077,0.01
"lykke","LKK","Lykke",2017-07-29,1174,0.235762,0.237128,0.23127,0.235849,139249,59082214,0.776101694915254,0.01
"lykke","LKK","Lykke",2017-07-30,1174,0.236039,0.239102,0.230967,0.236856,125425,59420654,0.727037037037038,0.01
"lykke","LKK","Lykke",2017-07-31,1174,0.236953,0.246222,0.236131,0.245916,60715,61939542,0.968811881188118,0.01
"lykke","LKK","Lykke",2017-08-01,1174,0.246001,0.246722,0.241293,0.245704,16526,61886145,0.816851851851851,0.01
"lykke","LKK","Lykke",2017-08-02,1174,0.24523,0.250573,0.243646,0.248269,231921,62532198,0.669999999999998,0.01
"lykke","LKK","Lykke",2017-08-03,1174,0.248278,0.256697,0.248278,0.253581,291346,63929066,0.631309523809524,0.01
"lykke","LKK","Lykke",2017-08-04,1174,0.253696,0.305619,0.243363,0.305619,646988,78586253,0.999293739967897,0.06
"lykke","LKK","Lykke",2017-08-05,1174,0.305673,0.408311,0.305673,0.376146,1901820,98216311,0.68687134502924,0.1
"lykke","LKK","Lykke",2017-08-06,1174,0.376406,0.379573,0.357956,0.361524,681495,94397181,0.165185185185186,0.02
"lykke","LKK","Lykke",2017-08-07,1174,0.361313,0.361955,0.327013,0.337471,757390,88115569,0.299656160458453,0.03
"lykke","LKK","Lykke",2017-08-08,1174,0.337525,0.360784,0.336417,0.350306,748370,91466332,0.569221311475409,0.02
"lykke","LKK","Lykke",2017-08-09,1174,0.350803,0.354,0.34077,0.349331,437356,91265619,0.648560606060605,0.01
"lykke","LKK","Lykke",2017-08-10,1174,0.349593,0.358809,0.348927,0.355734,369458,92938456,0.687575757575758,0.01
"lykke","LKK","Lykke",2017-08-11,1174,0.356012,0.377048,0.355945,0.376095,800012,98249448,0.954976303317536,0.02
"lykke","LKK","Lykke",2017-08-12,1174,0.375738,0.382934,0.37503,0.381757,537166,99730907,0.851518987341777,0.01
"lykke","LKK","Lykke",2017-08-13,1174,0.38159,0.399708,0.381478,0.39158,999025,102289646,0.555054945054945,0.02
"lykke","LKK","Lykke",2017-08-14,1174,0.391766,0.395143,0.388098,0.392266,420549,102467865,0.595428571428572,0.01
"lykke","LKK","Lykke",2017-08-15,1174,0.392941,0.39494,0.363669,0.380947,1100750,99503798,0.552012779552714,0.03
"lykke","LKK","Lykke",2017-08-16,1174,0.381132,0.387225,0.368927,0.386039,576478,102409101,0.935081967213116,0.02
"lykke","LKK","Lykke",2017-08-17,1174,0.387559,0.392815,0.379787,0.38288,454609,102137834,0.237923076923078,0.01
"lykke","LKK","Lykke",2017-08-18,1174,0.382189,0.38448,0.361171,0.369674,579456,98614158,0.364935622317596,0.02
"lykke","LKK","Lykke",2017-08-19,1174,0.369756,0.372973,0.367537,0.371842,257520,99192493,0.797222222222223,0.01
"lykke","LKK","Lykke",2017-08-20,1174,0.371099,0.371099,0.349358,0.35175,520460,93832752,0.110230414746544,0.02
"lykke","LKK","Lykke",2017-08-21,1174,0.351511,0.360195,0.347445,0.353342,368428,94257745,0.464330708661416,0.01
"lykke","LKK","Lykke",2017-08-22,1174,0.353384,0.35558,0.339356,0.347173,536014,92612098,0.482530864197532,0.02
"lykke","LKK","Lykke",2017-08-23,1174,0.346887,0.355538,0.345879,0.354526,249663,94664631,0.891443298969074,0.01
"lykke","LKK","Lykke",2017-08-24,1174,0.354761,0.356119,0.350045,0.352841,322316,94214604,0.458360655737708,0.01
"lykke","LKK","Lykke",2017-08-25,1174,0.352488,0.359989,0.350993,0.354854,409856,94752819,0.429,0.01
"lykke","LKK","Lykke",2017-08-26,1174,0.35508,0.355727,0.334571,0.34523,467367,92182620,0.502783018867923,0.02
"lykke","LKK","Lykke",2017-08-27,1174,0.345158,0.351666,0.335265,0.3509,235650,93696616,0.953353658536586,0.02
"lykke","LKK","Lykke",2017-08-28,1174,0.350678,0.361673,0.343295,0.361673,363374,96573201,0.998804347826087,0.02
"lykke","LKK","Lykke",2017-08-29,1174,0.361749,0.373432,0.357968,0.357968,883306,95584422,0,0.02
"lykke","LKK","Lykke",2017-08-30,1174,0.357338,0.361013,0.343696,0.353777,514381,94455078,0.582716763005781,0.02
"lykke","LKK","Lykke",2017-08-31,1174,0.3534,0.355223,0.343959,0.351682,404434,93895733,0.683451327433627,0.01
"lykke","LKK","Lykke",2017-09-01,1174,0.351873,0.356183,0.343727,0.350937,386648,93695283,0.5768,0.01
"lykke","LKK","Lykke",2017-09-02,1174,0.351093,0.35157,0.310297,0.334795,616504,89392960,0.59317191283293,0.04
"lykke","LKK","Lykke",2017-09-03,1174,0.335299,0.342781,0.310317,0.342365,509399,91413916,0.986092307692307,0.03
"lykke","LKK","Lykke",2017-09-04,1174,0.342571,0.342571,0.318436,0.320775,1112730,85817278,0.0970539419087129,0.02
"lykke","LKK","Lykke",2017-09-05,1174,0.320931,0.332308,0.313772,0.329436,644178,88142271,0.846702702702703,0.02
"lykke","LKK","Lykke",2017-09-06,1174,0.330284,0.491953,0.324406,0.338427,499191,90546473,0.0837074626865669,0.17
"lykke","LKK","Lykke",2017-09-07,1174,0.338504,0.33933,0.333177,0.33366,465308,89347992,0.0779032258064534,0.01
"lykke","LKK","Lykke",2017-09-08,1174,0.334016,0.341963,0.314613,0.321525,706518,86098161,0.252262773722629,0.03
"lykke","LKK","Lykke",2017-09-09,1174,0.32232,0.326219,0.31333,0.317612,374607,85047711,0.331937984496125,0.01
"lykke","LKK","Lykke",2017-09-10,1174,0.3172,0.328431,0.307221,0.325975,227162,87297110,0.884622641509434,0.02
"lykke","LKK","Lykke",2017-09-11,1174,0.325342,0.329961,0.304432,0.323154,304806,86579444,0.734196078431373,0.03
"lykke","LKK","Lykke",2017-09-12,1174,0.323366,0.335629,0.317597,0.323796,838684,86752590,0.344388888888886,0.02
"lykke","LKK","Lykke",2017-09-13,1174,0.323165,0.327039,0.294658,0.316552,416901,84811732,0.675740740740742,0.03
"lykke","LKK","Lykke",2017-09-14,1174,0.316761,0.318583,0.279533,0.279533,604044,74915330,0,0.04
"lykke","LKK","Lykke",2017-09-15,1174,0.280483,0.311083,0.262871,0.309746,848715,83053037,0.972510373443983,0.05
"lykke","LKK","Lykke",2017-09-16,1174,0.309681,0.324914,0.309621,0.318283,205157,85342478,0.566143790849673,0.02
"lykke","LKK","Lykke",2017-09-17,1174,0.317928,0.323179,0.304894,0.317245,361703,85064155,0.674918032786885,0.02
"lykke","LKK","Lykke",2017-09-18,1174,0.317163,0.346689,0.314029,0.346689,712190,92953274,0.998776758409787,0.03
"lykke","LKK","Lykke",2017-09-19,1174,0.347398,0.349404,0.322143,0.323009,366219,86610283,0.0317216117216109,0.03
"lykke","LKK","Lykke",2017-09-20,1174,0.322897,0.336834,0.321236,0.33234,124590,89112259,0.711794871794872,0.02
"lykke","LKK","Lykke",2017-09-21,1174,0.330671,0.333798,0.313295,0.325868,195590,87376818,0.613317073170732,0.02
"lykke","LKK","Lykke",2017-09-22,1174,0.325823,0.334731,0.316178,0.323502,94546,86742409,0.393763440860215,0.02
"lykke","LKK","Lykke",2017-09-23,1174,0.323497,0.334259,0.323245,0.334259,25748,89626410,1.00127272727272,0.01
"lykke","LKK","Lykke",2017-09-24,1174,0.334256,0.338912,0.328437,0.331671,205073,88932477,0.308000000000001,0.01
"lykke","LKK","Lykke",2017-09-25,1174,0.33133,0.335134,0.322665,0.332933,179428,89319524,0.82144,0.01
"lykke","LKK","Lykke",2017-09-26,1174,0.332969,0.333923,0.295942,0.33171,142081,88991416,0.941263157894737,0.04
"lykke","LKK","Lykke",2017-09-27,1174,0.331502,0.335331,0.327502,0.332056,238424,89084985,0.583846153846154,0.01
"lykke","LKK","Lykke",2017-09-28,1174,0.332039,0.338671,0.327813,0.333481,193299,89467289,0.520000000000001,0.01
"lykke","LKK","Lykke",2017-09-29,1174,0.333215,0.337212,0.324194,0.335569,101205,90027463,0.875000000000002,0.01
"lykke","LKK","Lykke",2017-09-30,1174,0.335696,0.343006,0.335302,0.335591,92611,90126231,0.0375324675324654,0.01
"lykke","LKK","Lykke",2017-10-01,1174,0.335625,0.338357,0.329376,0.334769,66107,89905475,0.59922222222222,0.01
"lykke","LKK","Lykke",2017-10-02,1174,0.334677,0.337841,0.328125,0.329467,158410,88481571,0.138350515463919,0.01
"lykke","LKK","Lykke",2017-10-03,1174,0.329504,0.335606,0.326474,0.329664,47412,88528563,0.350549450549453,0.01
"lykke","LKK","Lykke",2017-10-04,1174,0.329892,0.333468,0.326903,0.327366,45253,87916432,0.0701515151515138,0.01
"lykke","LKK","Lykke",2017-10-05,1174,0.327408,0.333245,0.32642,0.329891,75411,88662574,0.510441176470589,0.01
"lykke","LKK","Lykke",2017-10-06,1174,0.329937,0.351472,0.329588,0.342127,233088,91951161,0.572557077625572,0.02
"lykke","LKK","Lykke",2017-10-07,1174,0.341951,0.346922,0.337089,0.338757,61729,91045429,0.170204081632648,0.01
"lykke","LKK","Lykke",2017-10-08,1174,0.338388,0.340079,0.329192,0.330905,112145,88935100,0.157155963302754,0.01
"lykke","LKK","Lykke",2017-10-09,1174,0.330996,0.348364,0.329577,0.345677,109975,92905271,0.856382978723404,0.02
"lykke","LKK","Lykke",2017-10-10,1174,0.345838,0.34991,0.341708,0.348565,187509,93681459,0.836219512195122,0.01
"lykke","LKK","Lykke",2017-10-11,1174,0.348561,0.355362,0.343866,0.350074,148064,94086862,0.539826086956521,0.01
"lykke","LKK","Lykke",2017-10-12,1174,0.350139,0.375955,0.349958,0.367125,366112,98669536,0.66026923076923,0.03
"lykke","LKK","Lykke",2017-10-13,1174,0.367115,0.384753,0.365755,0.382735,598903,102964297,0.893684210526316,0.02
"lykke","LKK","Lykke",2017-10-14,1174,0.38272,0.406087,0.382353,0.397341,583597,106902091,0.632405063291139,0.02
"lykke","LKK","Lykke",2017-10-15,1174,0.396853,0.398372,0.380519,0.386952,239336,104108120,0.359385474860336,0.02
"lykke","LKK","Lykke",2017-10-16,1174,0.386304,0.395202,0.384115,0.387074,314679,104140406,0.266576576576576,0.01
"lykke","LKK","Lykke",2017-10-17,1174,0.386874,0.38727,0.377229,0.378222,175048,101759574,0.0993000000000022,0.01
"lykke","LKK","Lykke",2017-10-18,1174,0.378385,0.37839,0.365325,0.372602,175037,100247529,0.555496183206105,0.01
"lykke","LKK","Lykke",2017-10-19,1174,0.373077,0.373851,0.369174,0.371327,108924,99905120,0.458085106382982,0
"lykke","LKK","Lykke",2017-10-20,1174,0.371381,0.386514,0.365848,0.380796,136509,102452744,0.722125603864735,0.02
"lykke","LKK","Lykke",2017-10-21,1174,0.38039,0.386773,0.372862,0.379631,93002,102139115,0.486978417266185,0.01
"lykke","LKK","Lykke",2017-10-22,1174,0.3797,0.383331,0.354211,0.370227,276672,99608984,0.550378006872851,0.03
"lykke","LKK","Lykke",2017-10-23,1174,0.369731,0.376656,0.340179,0.34882,373422,93849465,0.236739726027398,0.04
"lykke","LKK","Lykke",2017-10-24,1174,0.348401,0.362256,0.33977,0.351539,177182,94583990,0.523066666666666,0.02
"lykke","LKK","Lykke",2017-10-25,1174,0.351632,0.364888,0.340396,0.363082,119089,97687758,0.925959183673471,0.02
"lykke","LKK","Lykke",2017-10-26,1174,0.361839,0.378975,0.360717,0.373853,190898,100581973,0.717814207650272,0.02
"lykke","LKK","Lykke",2017-10-27,1174,0.373313,0.375759,0.330671,0.359095,170277,96642173,0.630243902439025,0.05
"lykke","LKK","Lykke",2017-10-28,1174,0.357128,0.361915,0.349494,0.352441,21384,94851084,0.237661290322579,0.01
"lykke","LKK","Lykke",2017-10-29,1174,0.352244,0.366878,0.351929,0.363483,79327,97822775,0.775436241610739,0.01
"lykke","LKK","Lykke",2017-10-30,1174,0.362649,0.367549,0.353784,0.363,93675,97690480,0.667826086956522,0.01
"lykke","LKK","Lykke",2017-10-31,1174,0.362178,0.368089,0.360378,0.362565,88041,97573432,0.284025974025981,0.01
"lykke","LKK","Lykke",2017-11-01,1174,0.362639,0.362639,0.318841,0.324912,231809,87441709,0.138607305936073,0.04
"lykke","LKK","Lykke",2017-11-02,1174,0.324994,0.337943,0.324994,0.332714,232300,89541450,0.598449612403101,0.01
"lykke","LKK","Lykke",2017-11-03,1174,0.350477,0.35706,0.348955,0.352949,136452,94995458,0.493086419753086,0.01
"lykke","LKK","Lykke",2017-11-04,1174,0.352698,0.361912,0.3273,0.357867,53896,96319721,0.883439306358382,0.03
"lykke","LKK","Lykke",2017-11-05,1174,0.357658,0.367949,0.353018,0.35704,123051,96084162,0.269932885906042,0.01
"lykke","LKK","Lykke",2017-11-06,1174,0.357314,0.362714,0.347363,0.35749,175997,96277738,0.657597402597402,0.02
"lykke","LKK","Lykke",2017-11-07,1174,0.357641,0.364052,0.356164,0.361526,78492,94486696,0.678734177215194,0.01
"lykke","LKK","Lykke",2017-11-08,1174,0.361259,0.379515,0.360784,0.373743,235490,97687147,0.692994652406417,0.02
"lykke","LKK","Lykke",2017-11-09,1174,0.373278,0.374848,0.364864,0.365857,192112,95625940,0.0992999999999966,0.01
"lykke","LKK","Lykke",2017-11-10,1174,0.366179,0.373062,0.35802,0.364831,143328,95357852,0.454066666666667,0.02
"lykke","LKK","Lykke",2017-11-11,1174,0.364447,0.36698,0.353916,0.355259,155553,92855967,0.102519083969464,0.01
"lykke","LKK","Lykke",2017-11-12,1174,0.355275,0.361639,0.336293,0.346721,214260,90624656,0.412173913043478,0.03
"lykke","LKK","Lykke",2017-11-13,1174,0.346882,0.36445,0.345007,0.360986,119834,94707271,0.823659793814431,0.02
"lykke","LKK","Lykke",2017-11-14,1174,0.361256,0.366815,0.356114,0.359116,134963,94216663,0.280560747663552,0.01
"lykke","LKK","Lykke",2017-11-15,1174,0.359435,0.37116,0.355864,0.368526,168268,96684854,0.827581699346406,0.02
"lykke","LKK","Lykke",2017-11-16,1174,0.368966,0.37188,0.365713,0.366639,130833,96189788,0.149354838709675,0.01
"lykke","LKK","Lykke",2017-11-17,1174,0.36629,0.370397,0.355803,0.359402,367482,94336340,0.24650684931507,0.01
"lykke","LKK","Lykke",2017-11-18,1174,0.358882,0.36,0.355043,0.359319,369139,94312888,0.8552,0
"lykke","LKK","Lykke",2017-11-19,1174,0.359141,0.362072,0.355385,0.358681,307812,94145428,0.491940298507466,0.01
"lykke","LKK","Lykke",2017-11-20,1174,0.358222,0.362925,0.35359,0.355669,286693,93357797,0.223548387096774,0.01
"lykke","LKK","Lykke",2017-11-21,1174,0.355427,0.35749,0.341681,0.345786,278602,90763278,0.259810126582277,0.02
"lykke","LKK","Lykke",2017-11-22,1174,0.345855,0.358873,0.341903,0.357774,404444,93909971,0.933588235294116,0.02
"lykke","LKK","Lykke",2017-11-23,1174,0.358103,0.360756,0.33277,0.356473,109500,93571859,0.846535714285713,0.03
"lykke","LKK","Lykke",2017-11-24,1174,0.356237,0.368877,0.342999,0.354846,597492,84819739,0.457413127413127,0.03
"lykke","LKK","Lykke",2017-11-25,1174,0.35449,0.354751,0.345665,0.350355,177517,92154764,0.515384615384618,0.01
"lykke","LKK","Lykke",2017-11-26,1174,0.350339,0.357809,0.328484,0.349596,272754,91955122,0.720546075085325,0.03
"lykke","LKK","Lykke",2017-11-27,1174,0.349603,0.350282,0.336312,0.339162,321327,89219931,0.20357142857143,0.01
"lykke","LKK","Lykke",2017-11-28,1174,0.339144,0.340509,0.325237,0.325394,237939,85583207,0.0102614379084979,0.02
"lykke","LKK","Lykke",2017-11-29,1174,0.325397,0.346159,0.298511,0.305121,519970,80265852,0.138865546218486,0.05
"lykke","LKK","Lykke",2017-11-30,1174,0.307796,0.3283,0.291466,0.322735,259259,84898358,0.849701086956521,0.04
"lykke","LKK","Lykke",2017-12-01,1174,0.322168,0.322606,0.305371,0.313091,347706,82368460,0.448837209302326,0.02
"lykke","LKK","Lykke",2017-12-02,1174,0.312899,0.314423,0.284575,0.29301,262826,77173423,0.283053691275167,0.03
"lykke","LKK","Lykke",2017-12-03,1174,0.288525,0.298448,0.267655,0.276067,296286,72711004,0.273116883116884,0.03
"lykke","LKK","Lykke",2017-12-04,1174,0.27615,0.280364,0.263749,0.27113,248122,71410689,0.444638554216866,0.02
"lykke","LKK","Lykke",2017-12-05,1174,0.271328,0.292778,0.268843,0.289529,102412,76257996,0.8655230125523,0.02
"lykke","LKK","Lykke",2017-12-06,1174,0.289361,0.300706,0.2882,0.298828,211544,78707594,0.850239999999998,0.01
"lykke","LKK","Lykke",2017-12-07,1174,0.298674,0.309195,0.267906,0.293411,258884,77288713,0.617554479418886,0.04
"lykke","LKK","Lykke",2017-12-08,1174,0.293534,0.306714,0.285701,0.305442,169117,80542126,0.940047619047619,0.02
"lykke","LKK","Lykke",2017-12-09,1174,0.305378,0.305378,0.266664,0.284491,342653,75017141,0.460645994832041,0.04
"lykke","LKK","Lykke",2017-12-10,1174,0.28501,0.291218,0.267646,0.286272,83731,75494330,0.789237288135595,0.02
"lykke","LKK","Lykke",2017-12-11,1174,0.285882,0.292796,0.280329,0.290104,108981,76534981,0.781999999999998,0.01
"lykke","LKK","Lykke",2017-12-12,1174,0.289833,0.334417,0.266957,0.290554,436395,76655343,0.349585185185185,0.07
"lykke","LKK","Lykke",2017-12-13,1174,0.290738,0.299941,0.280354,0.292884,306829,77269236,0.639285714285714,0.02
"lykke","LKK","Lykke",2017-12-14,1174,0.290078,0.300515,0.286476,0.290054,203241,76522874,0.255571428571426,0.01
"lykke","LKK","Lykke",2017-12-15,1174,0.290173,0.308249,0.282246,0.293598,144569,77504135,0.436615384615386,0.03
"lykke","LKK","Lykke",2017-12-16,1174,0.293748,0.297622,0.288084,0.288461,98983,76148075,0.0396842105263175,0.01
"lykke","LKK","Lykke",2017-12-17,1174,0.288618,0.29226,0.272845,0.277951,202296,73373571,0.26319587628866,0.02
"lykke","LKK","Lykke",2017-12-18,1174,0.280606,0.284651,0.271333,0.276088,151376,72929520,0.357518796992482,0.01
"lykke","LKK","Lykke",2017-12-19,1174,0.276497,0.276719,0.257694,0.273361,218099,72208654,0.824578947368423,0.02
"lykke","LKK","Lykke",2017-12-20,1174,0.273239,0.273239,0.248931,0.259947,133022,68665459,0.453333333333332,0.02
"lykke","LKK","Lykke",2017-12-21,1174,0.260048,0.264429,0.235831,0.254522,194547,67230403,0.653531468531469,0.03
"lykke","LKK","Lykke",2017-12-22,1174,0.255101,0.25623,0.216739,0.236896,266579,62574604,0.510303797468355,0.04
"lykke","LKK","Lykke",2017-12-23,1174,0.237931,0.249833,0.214924,0.227825,66710,60180388,0.369656160458453,0.03
"lykke","LKK","Lykke",2017-12-24,1174,0.228695,0.237721,0.204911,0.207778,36035,54907069,0.0874085365853653,0.03
"lykke","LKK","Lykke",2017-12-25,1174,0.208484,0.240462,0.202755,0.226574,54363,59874068,0.631803713527852,0.04
"lykke","LKK","Lykke",2017-12-26,1174,0.22642,0.246828,0.214497,0.226606,104060,59882541,0.374891640866873,0.03
"lykke","LKK","Lykke",2017-12-27,1174,0.226621,0.233618,0.217577,0.222297,125590,58743851,0.295,0.02
"lykke","LKK","Lykke",2017-12-28,1174,0.222191,0.224778,0.211676,0.217313,189856,57426787,0.430305343511451,0.01
"lykke","LKK","Lykke",2017-12-29,1174,0.218362,0.219637,0.204951,0.21821,79735,57663918,0.901972789115646,0.01
"lykke","LKK","Lykke",2017-12-30,1174,0.218113,0.223452,0.202787,0.22217,164521,58712689,0.936376811594203,0.02
"lykke","LKK","Lykke",2017-12-31,1174,0.221515,0.2305,0.216667,0.227704,75730,60362722,0.799782608695652,0.01
"lykke","LKK","Lykke",2018-01-01,1174,0.227855,0.231026,0.21776,0.225851,181391,59871505,0.608345864661653,0.01
"lykke","LKK","Lykke",2018-01-02,1174,0.226022,0.231879,0.218291,0.222116,168334,58881383,0.28125,0.01
"lykke","LKK","Lykke",2018-01-03,1174,0.222366,0.2252,0.208309,0.214995,143641,57015061,0.395621301775148,0.02
"lykke","LKK","Lykke",2018-01-04,1174,0.21516,0.21516,0.207748,0.211254,19999,56025093,0.473783783783785,0.01
"lykke","LKK","Lykke",2018-01-05,1174,0.211182,0.213989,0.195562,0.195975,50258,51973064,0.0224456521739129,0.02
"lykke","LKK","Lykke",2018-01-06,1174,0.19543,0.201027,0.195309,0.196021,91802,51985263,0.124912280701753,0.01
"lykke","LKK","Lykke",2018-01-07,1174,0.19785,0.201811,0.190952,0.1927,160532,51105096,0.160366972477064,0.01
"lykke","LKK","Lykke",2018-01-08,1174,0.19296,0.198606,0.181911,0.193758,127645,51459347,0.709401197604792,0.02
"lykke","LKK","Lykke",2018-01-09,1174,0.194036,0.197728,0.188429,0.189924,130396,50441092,0.160752688172043,0.01
"lykke","LKK","Lykke",2018-01-10,1174,0.188846,0.19407,0.180191,0.189523,142194,50334592,0.671366906474821,0.01
"lykke","LKK","Lykke",2018-01-11,1174,0.189595,0.265113,0.18079,0.196128,118002,52090097,0.181945432977461,0.08
"lykke","LKK","Lykke",2018-01-12,1174,0.198772,0.253461,0.196009,0.253297,309421,67273746,0.996313043478261,0.06
"lykke","LKK","Lykke",2018-01-13,1174,0.260311,0.305218,0.25861,0.299767,507778,79617183,0.883197424892704,0.05
"lykke","LKK","Lykke",2018-01-14,1174,0.294316,0.295093,0.280831,0.293818,145872,78037147,0.90818181818182,0.01
"lykke","LKK","Lykke",2018-01-15,1174,0.293743,0.294255,0.284263,0.284263,91798,75595007,0,0.01
"lykke","LKK","Lykke",2018-01-16,1174,0.283804,0.290214,0.269379,0.277491,370620,73871030,0.39,0.02
"lykke","LKK","Lykke",2018-01-17,1174,0.270026,0.283376,0.174707,0.252535,2285950,67180950,0.715988960441582,0.11
"lykke","LKK","Lykke",2018-01-18,1174,0.254782,0.274375,0.251824,0.267563,277569,71717607,0.69641592920354,0.02
"lykke","LKK","Lykke",2018-01-19,1174,0.268507,0.276919,0.244974,0.260355,61231,69785314,0.482163009404389,0.03
"lykke","LKK","Lykke",2018-01-20,1174,0.253856,0.274963,0.253856,0.274367,52468,73541050,0.972085308056872,0.02
"lykke","LKK","Lykke",2018-01-21,1174,0.271916,0.271916,0.260652,0.270436,100234,72541476,0.865840707964603,0.01
"lykke","LKK","Lykke",2018-01-22,1174,0.273254,0.27473,0.258081,0.266926,116221,71596345,0.532831325301204,0.02
"lykke","LKK","Lykke",2018-01-23,1174,0.266047,0.268021,0.246664,0.253722,149875,68054696,0.32981308411215,0.02
"lykke","LKK","Lykke",2018-01-24,1174,0.257809,0.260437,0.247501,0.257566,139609,69085755,0.780232558139536,0.01
"lykke","LKK","Lykke",2018-01-25,1174,0.257455,0.266838,0.250016,0.250847,167246,67283004,0.049464285714284,0.02
"lykke","LKK","Lykke",2018-01-26,1174,0.250974,0.257351,0.245601,0.252526,96977,67733351,0.591880341880338,0.01
"lykke","LKK","Lykke",2018-01-27,1174,0.253433,0.276413,0.250466,0.272127,293119,73110099,0.836332046332046,0.03
"lykke","LKK","Lykke",2018-01-28,1174,0.278931,0.288096,0.212018,0.281158,375561,75592127,0.908541392904074,0.08
"lykke","LKK","Lykke",2018-01-29,1174,0.284459,0.285144,0.277088,0.279456,111215,75225127,0.292345679012343,0.01
"lykke","LKK","Lykke",2018-01-30,1174,0.279546,0.279652,0.25198,0.254468,188141,68505941,0.0898194945848392,0.03
"lykke","LKK","Lykke",2018-01-31,1174,0.254896,0.25798,0.23161,0.237275,200623,63923299,0.214583333333333,0.03
"lykke","LKK","Lykke",2018-02-01,1174,0.237534,0.239023,0.205669,0.215237,252826,57986130,0.286467065868264,0.03
"lykke","LKK","Lykke",2018-02-02,1174,0.214921,0.21805,0.179903,0.206216,141170,55556764,0.690629921259843,0.04
"lykke","LKK","Lykke",2018-02-03,1174,0.206791,0.216791,0.19308,0.203263,251130,54760779,0.429662447257384,0.02
"lykke","LKK","Lykke",2018-02-04,1174,0.20331,0.206719,0.186951,0.193426,185041,52110607,0.327020202020201,0.02
"lykke","LKK","Lykke",2018-02-05,1174,0.191921,0.19472,0.168062,0.175041,132973,47162086,0.261385767790263,0.03
"lykke","LKK","Lykke",2018-02-06,1174,0.175478,0.17851,0.151354,0.168183,202594,45416705,0.618713235294118,0.03
"lykke","LKK","Lykke",2018-02-07,1174,0.167702,0.179691,0.163802,0.168206,118442,45419959,0.276981132075471,0.02
"lykke","LKK","Lykke",2018-02-08,1174,0.167997,0.179595,0.166286,0.17086,90080,46163664,0.343909774436092,0.01
"lykke","LKK","Lykke",2018-02-09,1174,0.171194,0.174671,0.167485,0.170924,50077,46249699,0.477638888888889,0.01
"lykke","LKK","Lykke",2018-02-10,1174,0.170912,0.171776,0.163762,0.167911,115860,45434422,0.518625000000002,0.01
"lykke","LKK","Lykke",2018-02-11,1174,0.167112,0.173261,0.16419,0.166457,78331,45040990,0.249120879120878,0.01
"lykke","LKK","Lykke",2018-02-12,1174,0.166762,0.168965,0.158297,0.161636,57087,43947422,0.312056074766356,0.01
"lykke","LKK","Lykke",2018-02-13,1174,0.161807,0.161807,0.150716,0.1511,64227,41082775,0.0345945945945967,0.01
"lykke","LKK","Lykke",2018-02-14,1174,0.150837,0.155923,0.14831,0.149559,53866,40809152,0.164342105263158,0.01
"lykke","LKK","Lykke",2018-02-15,1174,0.149708,0.157291,0.148427,0.155144,43103,42339499,0.754719101123596,0.01
"lykke","LKK","Lykke",2018-02-16,1174,0.155051,0.162182,0.154282,0.16209,65903,44234953,0.988354430379748,0.01
"lykke","LKK","Lykke",2018-02-17,1174,0.161862,0.171951,0.161664,0.167217,151321,45617408,0.539126213592233,0.01
"lykke","LKK","Lykke",2018-02-18,1174,0.16737,0.168017,0.154803,0.155024,101994,42290958,0.0167424242424242,0.01
"lykke","LKK","Lykke",2018-02-19,1174,0.154654,0.157959,0.15241,0.155591,85079,42445637,0.57836363636364,0.01
"lykke","LKK","Lykke",2018-02-20,1174,0.155652,0.197458,0.144848,0.149045,47182,40659871,0.0797908745247149,0.05
"lykke","LKK","Lykke",2018-02-21,1174,0.148869,0.153454,0.14501,0.150549,129338,41070166,0.659404761904761,0.01
"lykke","LKK","Lykke",2018-02-22,1174,0.150323,0.152529,0.145805,0.147654,91161,40273610,0.275970149253734,0.01
"lykke","LKK","Lykke",2018-02-23,1174,0.147593,0.150517,0.143819,0.146925,53661,40118602,0.463582089552238,0.01
"lykke","LKK","Lykke",2018-02-24,1174,0.146811,0.148712,0.138841,0.141596,78462,38654975,0.278282828282829,0.01
"lykke","LKK","Lykke",2018-02-25,1174,0.141414,0.141454,0.136052,0.139287,69078,38028106,0.599074074074072,0.01
"lykke","LKK","Lykke",2018-02-26,1174,0.139336,0.144326,0.136613,0.142594,40128,38936756,0.776753246753245,0.01
"lykke","LKK","Lykke",2018-02-27,1174,0.142936,0.144769,0.138209,0.144757,39798,39527385,0.992121212121212,0.01
"lykke","LKK","Lykke",2018-02-28,1174,0.144789,0.14537,0.142994,0.143574,29730,39204355,0.241666666666666,0
"lykke","LKK","Lykke",2018-03-01,1174,0.143485,0.144734,0.139231,0.141981,56921,38772428,0.5,0.01
"lykke","LKK","Lykke",2018-03-02,1174,0.141878,0.143727,0.133156,0.135994,52228,37260895,0.267735849056604,0.01
"lykke","LKK","Lykke",2018-03-03,1174,0.135932,0.142749,0.131202,0.132789,54795,36379174,0.137999999999998,0.01
"lykke","LKK","Lykke",2018-03-04,1174,0.132612,0.13268,0.128456,0.130837,29243,35883650,0.566904761904767,0
"lykke","LKK","Lykke",2018-03-05,1174,0.131505,0.131505,0.116654,0.116657,92469,31997130,0.000201342281879396,0.01
"lykke","LKK","Lykke",2018-03-06,1174,0.116608,0.123828,0.102705,0.102869,264554,28215013,0.00777251184834111,0.02
"lykke","LKK","Lykke",2018-03-07,1174,0.102898,0.107647,0.102898,0.107466,74200,29480600,0.971914893617022,0
"lykke","LKK","Lykke",2018-03-08,1174,0.10743,0.108006,0.095658,0.096918,62831,26648284,0.102439024390244,0.01
"lykke","LKK","Lykke",2018-03-09,1174,0.096495,0.097244,0.091925,0.094485,54516,25979221,0.483018867924527,0.01
"lykke","LKK","Lykke",2018-03-10,1174,0.094421,0.094898,0.092337,0.093095,18752,25829633,0.29153846153846,0
"lykke","LKK","Lykke",2018-03-11,1174,0.092961,0.093757,0.089379,0.091382,20354,25354297,0.455227272727274,0
"lykke","LKK","Lykke",2018-03-12,1174,0.0913,0.093507,0.091132,0.092496,14314,25703934,0.568333333333329,0
"lykke","LKK","Lykke",2018-03-13,1174,0.092388,0.110702,0.091966,0.105773,113665,29393638,0.738342245989305,0.02
"lykke","LKK","Lykke",2018-03-14,1174,0.105776,0.106447,0.100769,0.102898,39529,28604984,0.373508771929826,0.01
"lykke","LKK","Lykke",2018-03-15,1174,0.102909,0.10641,0.098968,0.105817,24468,29410249,0.92554054054054,0.01
"lykke","LKK","Lykke",2018-03-16,1174,0.105746,0.106279,0.1021,0.1021,17579,28377164,0,0
"lykke","LKK","Lykke",2018-03-17,1174,0.102187,0.10587,0.1011,0.102974,17979,28641705,0.390416666666667,0
"lykke","LKK","Lykke",2018-03-18,1174,0.102847,0.104948,0.09576,0.099023,44676,27542782,0.354673913043479,0.01
"lykke","LKK","Lykke",2018-03-19,1174,0.098727,0.100606,0.091832,0.09858,39647,27452952,0.766818181818182,0.01
"lykke","LKK","Lykke",2018-03-20,1174,0.098829,0.099578,0.095152,0.096396,13879,26864134,0.282727272727272,0
"lykke","LKK","Lykke",2018-03-21,1174,0.09652,0.097498,0.093319,0.093847,13942,26172511,0.125714285714286,0
"lykke","LKK","Lykke",2018-03-22,1174,0.094033,0.096686,0.093513,0.096546,41675,26909707,0.947812500000002,0
"lykke","LKK","Lykke",2018-03-23,1174,0.096702,0.096711,0.090945,0.092356,33975,25746912,0.243275862068965,0.01
"lykke","LKK","Lykke",2018-03-24,1174,0.093051,0.093261,0.070392,0.081329,232605,22672782,0.477598253275109,0.02
"lykke","LKK","Lykke",2018-03-25,1174,0.080924,0.083263,0.071496,0.077177,26927,21515298,0.481440677966101,0.01
"lykke","LKK","Lykke",2018-03-26,1174,0.077108,0.077424,0.05553,0.056548,102443,15764466,0.0464840182648401,0.02
"lykke","LKK","Lykke",2018-03-27,1174,0.056511,0.057479,0.052655,0.052687,75424,16823019,0.00666666666666611,0
"lykke","LKK","Lykke",2018-03-28,1174,0.052712,0.057935,0.0522,0.05787,60142,18477791,0.994736842105262,0.01
"lykke","LKK","Lykke",2018-03-29,1174,0.057768,0.06465,0.056704,0.063391,20367,19834977,0.846455696202532,0.01
"lykke","LKK","Lykke",2018-03-30,1174,0.063348,0.064867,0.059347,0.063727,13575,19938756,0.796363636363638,0.01
"lykke","LKK","Lykke",2018-03-31,1174,0.063696,0.064527,0.060962,0.061199,11373,19147709,0.0658333333333336,0
"lykke","LKK","Lykke",2018-04-01,1174,0.061206,0.064096,0.061206,0.063215,5591,19778657,0.692758620689652,0
"lykke","LKK","Lykke",2018-04-02,1174,0.063225,0.068118,0.06301,0.068034,18246,21286256,0.985098039215686,0.01
"lykke","LKK","Lykke",2018-04-03,1174,0.068089,0.069236,0.061444,0.065446,29791,20401632,0.513076923076924,0.01
"lykke","LKK","Lykke",2018-04-04,1174,0.065472,0.065686,0.061248,0.063223,28194,19708529,0.448863636363637,0
"lykke","LKK","Lykke",2018-04-05,1174,0.063212,0.064811,0.062563,0.064153,12549,19998501,0.722727272727276,0
"lykke","LKK","Lykke",2018-04-06,1174,0.064018,0.064347,0.060366,0.062391,16744,19448736,0.50625,0
"lykke","LKK","Lykke",2018-04-07,1174,0.062454,0.06689,0.062454,0.066466,17991,20718782,0.911818181818181,0
"lykke","LKK","Lykke",2018-04-08,1174,0.066506,0.069663,0.066506,0.069647,12025,21710617,0.981562500000001,0
"lykke","LKK","Lykke",2018-04-09,1174,0.069663,0.071042,0.068736,0.068934,12114,21488173,0.0860869565217347,0
"lykke","LKK","Lykke",2018-04-10,1174,0.069003,0.0717,0.066987,0.06871,29190,21416226,0.366595744680849,0
"lykke","LKK","Lykke",2018-04-11,1174,0.06879,0.069371,0.065598,0.067221,5504,20952115,0.427105263157895,0
"lykke","LKK","Lykke",2018-04-12,1174,0.066968,0.067142,0.053852,0.062115,36013,19414947,0.621278195488722,0.01
"lykke","LKK","Lykke",2018-04-13,1174,0.062355,0.068112,0.062163,0.064473,15876,20151639,0.391525423728813,0.01
"lykke","LKK","Lykke",2018-04-14,1174,0.064158,0.066537,0.063533,0.066302,2905,20723153,0.922999999999998,0
"lykke","LKK","Lykke",2018-04-15,1174,0.066017,0.069324,0.063539,0.068663,49746,21461387,0.88344827586207,0.01
"lykke","LKK","Lykke",2018-04-16,1174,0.06865,0.068888,0.065926,0.068879,8673,21528900,0.984333333333332,0
"lykke","LKK","Lykke",2018-04-17,1174,0.06888,0.06952,0.066006,0.067418,6077,21072063,0.403428571428574,0
"lykke","LKK","Lykke",2018-04-18,1174,0.06746,0.0692,0.067374,0.069173,7413,21617776,0.999444444444442,0
"lykke","LKK","Lykke",2018-04-19,1174,0.069145,0.070186,0.067818,0.069415,32332,21693468,0.665416666666667,0
"lykke","LKK","Lykke",2018-04-20,1174,0.069385,0.070432,0.068545,0.069852,10485,21830132,0.687894736842107,0
"lykke","LKK","Lykke",2018-04-21,1174,0.069862,0.069862,0.065319,0.06642,24799,20757533,0.244666666666668,0
"lykke","LKK","Lykke",2018-04-22,1174,0.066385,0.066385,0.059912,0.060457,30688,18896394,0.0838461538461534,0.01
"lykke","LKK","Lykke",2018-04-23,1174,0.060372,0.061848,0.060278,0.060748,5745,19010497,0.293750000000003,0
"lykke","LKK","Lykke",2018-04-24,1174,0.060757,0.062117,0.056785,0.058791,27547,18378290,0.378490566037736,0.01
"lykke","LKK","Lykke",2018-04-25,1174,0.058696,0.05987,0.053353,0.058277,93212,18218430,0.757538461538462,0.01
"lykke","LKK","Lykke",2018-04-26,1174,0.058357,0.059815,0.057904,0.058966,13369,18434873,0.558947368421053,0
"lykke","LKK","Lykke",2018-04-27,1174,0.058907,0.068243,0.058474,0.061009,110393,19073526,0.258673469387755,0.01
"lykke","LKK","Lykke",2018-04-28,1174,0.060973,0.062346,0.060729,0.06182,9207,19326448,0.681875000000001,0
"lykke","LKK","Lykke",2018-04-29,1174,0.061809,0.064697,0.06091,0.064686,15685,20222339,0.993684210526314,0
"lykke","LKK","Lykke",2018-04-30,1174,0.06467,0.065902,0.064585,0.06585,17824,20586422,0.973076923076925,0
"lykke","LKK","Lykke",2018-05-01,1174,0.06579,0.06598,0.064241,0.065893,24995,20599896,0.971764705882345,0
"lykke","LKK","Lykke",2018-05-02,1174,0.065776,0.075906,0.065053,0.068784,96459,21503509,0.342293577981651,0.01
"lykke","LKK","Lykke",2018-05-03,1174,0.068772,0.08791,0.068544,0.087625,210523,27393862,0.983556701030928,0.02
"lykke","LKK","Lykke",2018-05-04,1174,0.087719,0.087719,0.075248,0.079801,132107,24948430,0.36424,0.01
"lykke","LKK","Lykke",2018-05-05,1174,0.079813,0.080545,0.077703,0.078619,41099,24578899,0.327142857142857,0
"lykke","LKK","Lykke",2018-05-06,1174,0.078627,0.079814,0.076861,0.0798,23817,24948024,0.979666666666666,0
"lykke","LKK","Lykke",2018-05-07,1174,0.07982,0.079884,0.067345,0.070888,72523,22245458,0.28344,0.01
"lykke","LKK","Lykke",2018-05-08,1174,0.070992,0.071366,0.065742,0.065834,42428,20658468,0.016428571428573,0.01
"lykke","LKK","Lykke",2018-05-09,1174,0.065808,0.06808,0.062284,0.062315,37326,19555211,0.00534482758620746,0.01
"lykke","LKK","Lykke",2018-05-10,1174,0.062291,0.067895,0.062287,0.067438,11726,21161651,0.919821428571428,0.01
"lykke","LKK","Lykke",2018-05-11,1174,0.06746,0.06746,0.064834,0.065219,35450,20490316,0.148076923076922,0
"lykke","LKK","Lykke",2018-05-12,1174,0.063409,0.066055,0.062356,0.065488,11191,20568687,0.846486486486487,0
"lykke","LKK","Lykke",2018-05-13,1174,0.065434,0.065783,0.063811,0.064034,6091,20111824,0.111499999999994,0
"lykke","LKK","Lykke",2018-05-14,1174,0.064009,0.066639,0.063028,0.066279,20075,20815769,0.903055555555557,0
"lykke","LKK","Lykke",2018-05-15,1174,0.066138,0.068833,0.065535,0.068215,26332,21422843,0.812121212121213,0
"lykke","LKK","Lykke",2018-05-16,1174,0.068183,0.068211,0.063461,0.06552,62868,20576423,0.438085106382977,0
"lykke","LKK","Lykke",2018-05-17,1174,0.065546,0.066573,0.061537,0.061874,18569,19431251,0.0673999999999994,0.01
"lykke","LKK","Lykke",2018-05-18,1174,0.061855,0.06514,0.061541,0.064207,12799,20163860,0.740555555555556,0
"lykke","LKK","Lykke",2018-05-19,1174,0.064203,0.066505,0.063291,0.06578,7615,20656368,0.777812500000002,0
"lykke","LKK","Lykke",2018-05-20,1174,0.06583,0.066061,0.060336,0.062528,20234,19635230,0.384561403508772,0.01
"lykke","LKK","Lykke",2018-05-21,1174,0.062578,0.064521,0.062124,0.062808,9588,19723172,0.285000000000002,0
"lykke","LKK","Lykke",2018-05-22,1174,0.062844,0.064423,0.061117,0.061742,37761,19398288,0.18939393939394,0
"lykke","LKK","Lykke",2018-05-23,1174,0.061702,0.061898,0.056887,0.05755,19307,18078362,0.132599999999999,0.01
"lykke","LKK","Lykke",2018-05-24,1174,0.057558,0.060478,0.056493,0.057239,22146,17980792,0.186499999999999,0
"lykke","LKK","Lykke",2018-05-25,1174,0.057333,0.059862,0.056989,0.058572,5414,18399628,0.545862068965518,0
"lykke","LKK","Lykke",2018-05-26,1174,0.058586,0.060504,0.057586,0.059167,6566,18586507,0.545172413793103,0
"lykke","LKK","Lykke",2018-05-27,1174,0.059199,0.060041,0.058674,0.05957,2638,18712947,0.640000000000001,0
"lykke","LKK","Lykke",2018-05-28,1174,0.059483,0.059484,0.054567,0.055073,11798,17306486,0.103265306122449,0
"lykke","LKK","Lykke",2018-05-29,1174,0.055012,0.057599,0.05338,0.056586,20469,17786150,0.763333333333334,0
"lykke","LKK","Lykke",2018-05-30,1174,0.056614,0.0576,0.055038,0.056116,8990,17638513,0.414615384615386,0
"lykke","LKK","Lykke",2018-05-31,1174,0.056132,0.069314,0.055149,0.059922,30115,18834885,0.336126760563381,0.01
"lykke","LKK","Lykke",2018-10-23,1174,0.032969,0.032969,0.032969,0.032969,0,10444774,0,0
"lykke","LKK","Lykke",2018-10-24,1174,0.032968,0.032969,0.03097,0.031949,0,10121849,0.489499999999999,0
"lykke","LKK","Lykke",2018-10-25,1174,0.031947,0.035827,0.029823,0.03341,0,10584518,0.597833333333334,0.01
"lykke","LKK","Lykke",2018-10-26,1174,0.033406,0.035232,0.032435,0.03466,0,10980626,0.794642857142859,0
"lykke","LKK","Lykke",2018-10-27,1174,0.03466,0.037117,0.03466,0.03711,0,11756746,0.979999999999998,0
"lykke","LKK","Lykke",2018-10-28,1174,0.03711,0.03711,0.033588,0.034078,0,10796242,0.139999999999999,0
"lykke","LKK","Lykke",2018-10-29,1174,0.034076,0.034523,0.032112,0.03412,0,10809548,0.836666666666665,0
"lykke","LKK","Lykke",2018-10-30,1174,0.034117,0.035826,0.032923,0.032925,0,10430897,0.000689655172414483,0
"lykke","LKK","Lykke",2018-10-31,1174,0.032925,0.035488,0.031268,0.031275,0,9908320,0.00166666666666668,0
"lykke","LKK","Lykke",2018-11-01,1174,0.031273,0.039004,0.031271,0.033814,0,10712636,0.33025974025974,0.01
"lykke","LKK","Lykke",2018-11-02,1174,0.033815,0.038253,0.033531,0.037324,0,11824575,0.807021276595746,0
"lykke","LKK","Lykke",2018-11-03,1174,0.037324,0.038454,0.035007,0.036238,0,11480425,0.362058823529411,0
"lykke","LKK","Lykke",2018-11-04,1174,0.036238,0.038893,0.036238,0.038891,0,12321143,0.982592592592593,0
"lykke","LKK","Lykke",2018-11-05,1174,0.038893,0.040713,0.037605,0.040082,0,12698273,0.799032258064516,0
"lykke","LKK","Lykke",2018-11-06,1174,0.040081,0.040438,0.038221,0.038702,0,12258509,0.218636363636365,0
"lykke","LKK","Lykke",2018-11-07,1174,0.038711,0.039139,0.037984,0.038969,0,12345885,0.820833333333333,0
"lykke","LKK","Lykke",2018-11-08,1174,0.03897,0.038971,0.034396,0.035691,0,11307130,0.281521739130434,0
"lykke","LKK","Lykke",2018-11-09,1174,0.035688,0.036984,0.034786,0.03643,0,11541506,0.747272727272727,0
"lykke","LKK","Lykke",2018-11-10,1174,0.03643,0.037481,0.034708,0.035997,0,11404073,0.460357142857142,0
"lykke","LKK","Lykke",2018-11-11,1174,0.035996,0.038319,0.035793,0.036287,0,11496107,0.197600000000001,0
"lykke","LKK","Lykke",2018-11-12,1174,0.036287,0.037187,0.036114,0.036767,0,11648239,0.593636363636364,0
"lykke","LKK","Lykke",2018-11-13,1174,0.036782,0.037724,0.034965,0.035304,0,11184746,0.121071428571428,0
"lykke","LKK","Lykke",2018-11-14,1174,0.035304,0.035304,0.031984,0.032373,0,10256113,0.117878787878788,0
"lykke","LKK","Lykke",2018-11-15,1174,0.032372,0.034053,0.030085,0.030297,0,9598290,0.0530000000000001,0
"lykke","LKK","Lykke",2018-11-16,1174,0.030297,0.030964,0.030297,0.030679,0,9719501,0.545714285714286,0
"lykke","LKK","Lykke",2018-11-17,1174,0.030679,0.031406,0.0288,0.028809,0,9127003,0.00346153846153925,0
"lykke","LKK","Lykke",2018-11-18,1174,0.028809,0.028888,0.025949,0.028803,0,9125134,0.984137931034482,0
"lykke","LKK","Lykke",2018-11-19,1174,0.028806,0.02881,0.023013,0.023032,0,7296699,0.0032758620689658,0.01
"lykke","LKK","Lykke",2018-11-20,1174,0.022918,0.029756,0.022105,0.025562,0,8098417,0.448961038961039,0.01
"lykke","LKK","Lykke",2018-11-21,1174,0.025564,0.025619,0.02349,0.023496,0,7443635,0.00285714285714241,0
"lykke","LKK","Lykke",2018-11-22,1174,0.023265,0.027828,0.023234,0.025608,0,8112895,0.516086956521739,0
"lykke","LKK","Lykke",2018-11-23,1174,0.025595,0.025597,0.024033,0.024563,0,7781734,0.331250000000002,0
"lykke","LKK","Lykke",2018-11-24,1174,0.024414,0.02627,0.022807,0.022807,0,7225543,0,0
"lykke","LKK","Lykke",2018-11-25,1174,0.022808,0.023718,0.0221,0.023266,0,7370800,0.728749999999998,0
"lykke","LKK","Lykke",2018-11-26,1174,0.023273,0.023962,0.021568,0.023958,0,7590159,0.995833333333333,0
"lykke","LKK","Lykke",2018-11-27,1174,0.023958,0.023962,0.021248,0.022424,0,7104047,0.435555555555556,0
"lykke","LKK","Lykke",2018-11-28,1174,0.022426,0.025944,0.022371,0.025943,0,8219058,0.992222222222223,0
"lykke","LKK","Lykke",2018-11-29,1174,0.025944,0.025987,0.022844,0.024496,0,7760644,0.532903225806452,0
"lykke","LKK","Lykke",2018-11-30,1174,0.024569,0.024688,0.02249,0.023334,0,7392343,0.383636363636364,0
"lykke","LKK","Lykke",2018-12-01,1174,0.023168,0.024783,0.022878,0.0238,0,7539980,0.485263157894738,0
"lykke","LKK","Lykke",2018-12-02,1174,0.023848,0.023879,0.023711,0.023736,0,7519670,0.125000000000004,0
"lykke","LKK","Lykke",2018-12-03,1174,0.024362,0.024386,0.020602,0.020603,0,6527252,0.000263157894737105,0
"lykke","LKK","Lykke",2018-12-04,1174,0.020277,0.022414,0.02027,0.020924,0,6628889,0.311428571428572,0
"lykke","LKK","Lykke",2018-12-05,1174,0.02103,0.022232,0.019776,0.01978,0,6266341,0.00160000000000021,0
"lykke","LKK","Lykke",2018-12-06,1174,0.019778,0.021092,0.019146,0.019498,0,6177211,0.185263157894738,0
"lykke","LKK","Lykke",2018-12-07,1174,0.019222,0.019234,0.018173,0.018581,0,5886784,0.37090909090909,0
"lykke","LKK","Lykke",2018-12-08,1174,0.018611,0.018789,0.018423,0.018423,0,5836494,0,0
"lykke","LKK","Lykke",2018-12-09,1174,0.018419,0.019959,0.017696,0.018021,0,5709347,0.141304347826086,0
"lykke","LKK","Lykke",2018-12-10,1174,0.018002,0.020465,0.01783,0.018268,0,5787398,0.168461538461539,0
"lykke","LKK","Lykke",2018-12-11,1174,0.018132,0.018132,0.017648,0.01784,0,5651852,0.384000000000002,0
"lykke","LKK","Lykke",2018-12-12,1174,0.017842,0.018929,0.017837,0.018714,0,5928625,0.79727272727273,0
"lykke","LKK","Lykke",2018-12-13,1174,0.018724,0.018724,0.015452,0.015457,0,4896988,0.00151515151515145,0
"lykke","LKK","Lykke",2018-12-14,1174,0.015459,0.018822,0.015447,0.01683,0,5331933,0.406764705882353,0
"lykke","LKK","Lykke",2018-12-15,1174,0.01683,0.017267,0.016449,0.017266,0,5470044,1.02125,0
"lykke","LKK","Lykke",2018-12-16,1174,0.017269,0.018892,0.016888,0.018783,0,5950601,0.9475,0
"lykke","LKK","Lykke",2018-12-17,1174,0.018787,0.019286,0.018363,0.018511,0,5864518,0.164444444444443,0
"lykke","LKK","Lykke",2018-12-18,1174,0.018513,0.019758,0.018303,0.019557,0,6195876,0.836000000000001,0
"lykke","LKK","Lykke",2018-12-19,1174,0.01961,0.020011,0.019433,0.019559,0,6196430,0.210000000000002,0
"lykke","LKK","Lykke",2018-12-20,1174,0.019507,0.020248,0.019206,0.019943,0,6318083,0.736999999999998,0
"lykke","LKK","Lykke",2018-12-21,1174,0.019959,0.019999,0.019161,0.019283,0,6109060,0.152500000000001,0
"lykke","LKK","Lykke",2018-12-22,1174,0.019295,0.019413,0.019036,0.019234,0,6093647,0.495000000000001,0
"lykke","LKK","Lykke",2018-12-23,1174,0.019296,0.019784,0.018799,0.01977,0,6263222,0.971,0
"lykke","LKK","Lykke",2018-12-24,1174,0.019809,0.020173,0.019393,0.019642,0,6222869,0.311249999999999,0
"lykke","LKK","Lykke",2018-12-25,1174,0.019636,0.019636,0.018849,0.019035,0,6030623,0.232499999999998,0
"lykke","LKK","Lykke",2018-12-26,1174,0.019035,0.019456,0.018618,0.018651,0,5908966,0.0412500000000022,0
"lykke","LKK","Lykke",2018-12-27,1174,0.018496,0.018807,0.018253,0.018373,0,5820677,0.200000000000003,0
"lykke","LKK","Lykke",2018-12-28,1174,0.018357,0.021064,0.016785,0.019214,0,6087194,0.564883720930232,0
"lykke","LKK","Lykke",2018-12-29,1174,0.019189,0.019549,0.019105,0.019437,0,6157857,0.829999999999997,0
"lykke","LKK","Lykke",2018-12-30,1174,0.019737,0.019744,0.0193,0.019378,0,6139200,0.194999999999996,0
"lykke","LKK","Lykke",2018-12-31,1174,0.019376,0.020689,0.019212,0.019292,0,6111935,0.0533333333333335,0
"lykke","LKK","Lykke",2019-01-01,1174,0.019293,0.026189,0.01925,0.023895,0,7570214,0.673188405797101,0.01
"lykke","LKK","Lykke",2019-01-02,1174,0.023894,0.024984,0.022963,0.022963,0,7274987,0,0
"lykke","LKK","Lykke",2019-01-03,1174,0.022953,0.023178,0.021558,0.021683,0,6869430,0.0781250000000001,0
"lykke","LKK","Lykke",2019-01-04,1174,0.021541,0.022159,0.01851,0.020384,0,6457900,0.520555555555556,0
"lykke","LKK","Lykke",2019-01-05,1174,0.019795,0.01988,0.018735,0.018826,0,5964415,0.0827272727272703,0
"lykke","LKK","Lykke",2019-01-06,1174,0.018831,0.024151,0.018622,0.021532,0,6821554,0.529090909090909,0.01
"lykke","LKK","Lykke",2019-01-07,1174,0.021537,0.021706,0.019793,0.02134,0,6760657,0.814210526315789,0
"lykke","LKK","Lykke",2019-01-08,1174,0.021364,0.022781,0.021347,0.022617,0,7165438,0.907142857142857,0
"lykke","LKK","Lykke",2019-01-09,1174,0.022618,0.023786,0.02241,0.023775,0,7532151,0.975000000000001,0
"lykke","LKK","Lykke",2019-01-10,1174,0.023786,0.023994,0.021755,0.022062,0,6989560,0.139545454545454,0
"lykke","LKK","Lykke",2019-01-11,1174,0.02192,0.022136,0.021332,0.021671,0,6865495,0.423749999999999,0
"lykke","LKK","Lykke",2019-01-12,1174,0.02171,0.021751,0.021439,0.021628,0,6852053,0.630000000000006,0
"lykke","LKK","Lykke",2019-01-13,1174,0.021656,0.021657,0.01909,0.019804,0,6274152,0.274615384615384,0
"lykke","LKK","Lykke",2019-01-14,1174,0.019809,0.020953,0.019443,0.020321,0,6438047,0.585333333333333,0
"lykke","LKK","Lykke",2019-01-15,1174,0.020321,0.020352,0.019225,0.019235,0,6093848,0.00909090909090872,0
"lykke","LKK","Lykke",2019-01-16,1174,0.01924,0.019429,0.019004,0.019005,0,6020862,0.0025000000000025,0
"lykke","LKK","Lykke",2019-01-17,1174,0.019005,0.019614,0.019005,0.01918,0,6076449,0.291666666666663,0
"lykke","LKK","Lykke",2019-01-18,1174,0.01918,0.01922,0.019032,0.019039,0,6031607,0.0350000000000003,0
"lykke","LKK","Lykke",2019-01-19,1174,0.019039,0.019137,0.019037,0.019073,0,6042513,0.360000000000013,0
"lykke","LKK","Lykke",2019-01-20,1174,0.019073,0.019168,0.018921,0.01899,0,6016352,0.344999999999998,0
"lykke","LKK","Lykke",2019-01-21,1174,0.018991,0.019197,0.018915,0.018916,0,5992808,0.0033333333333251,0
"lykke","LKK","Lykke",2019-01-22,1174,0.018917,0.019326,0.018914,0.019322,0,6121426,1.02,0
"lykke","LKK","Lykke",2019-01-23,1174,0.019322,0.019332,0.019011,0.01902,0,6025708,0.0299999999999953,0
"lykke","LKK","Lykke",2019-01-24,1174,0.019024,0.019375,0.0187,0.018716,0,5929470,0.0228571428571409,0
"lykke","LKK","Lykke",2019-01-25,1174,0.018739,0.01887,0.018304,0.018659,0,5911442,0.591666666666663,0
"lykke","LKK","Lykke",2019-01-26,1174,0.018722,0.018722,0.01848,0.01848,0,5854611,0,0
"lykke","LKK","Lykke",2019-01-27,1174,0.01848,0.020986,0.01848,0.020578,0,6519385,0.8392,0
"lykke","LKK","Lykke",2019-01-28,1174,0.020578,0.020625,0.018002,0.019549,0,6193165,0.595,0
"lykke","LKK","Lykke",2019-01-29,1174,0.01955,0.021467,0.019513,0.020748,0,6573123,0.6175,0
"lykke","LKK","Lykke",2019-01-30,1174,0.020749,0.022294,0.019624,0.022032,0,6980009,0.891851851851852,0
"lykke","LKK","Lykke",2019-01-31,1174,0.022033,0.023506,0.021799,0.022198,0,7032490,0.234705882352941,0
"lykke","LKK","Lykke",2019-02-01,1174,0.022199,0.022202,0.021119,0.021322,0,6755120,0.184545454545456,0
"lykke","LKK","Lykke",2019-02-02,1174,0.021322,0.02133,0.021018,0.02117,0,6706724,0.506666666666676,0
"lykke","LKK","Lykke",2019-02-03,1174,0.021172,0.021234,0.020651,0.020681,0,6551852,0.0500000000000037,0
"lykke","LKK","Lykke",2019-02-04,1174,0.020684,0.020743,0.020399,0.020401,0,6463264,0.00666666666666177,0
"lykke","LKK","Lykke",2019-02-05,1174,0.020401,0.021227,0.020143,0.020404,0,6464214,0.237272727272725,0
"lykke","LKK","Lykke",2019-02-06,1174,0.020408,0.020482,0.01989,0.020248,0,6414781,0.596666666666662,0
"lykke","LKK","Lykke",2019-02-07,1174,0.020264,0.020411,0.020088,0.02019,0,6396386,0.339999999999993,0
"lykke","LKK","Lykke",2019-02-08,1174,0.02019,0.021376,0.020059,0.02049,0,6491369,0.331538461538462,0
"lykke","LKK","Lykke",2019-02-09,1174,0.020485,0.02049,0.02036,0.020361,0,6450532,0.01000000000001,0
"lykke","LKK","Lykke",2019-02-10,1174,0.020298,0.020401,0.020289,0.020401,0,6463332,1.11999999999998,0
"lykke","LKK","Lykke",2019-02-11,1174,0.020669,0.02146,0.020249,0.021456,0,6797569,1.00583333333333,0
"lykke","LKK","Lykke",2019-02-12,1174,0.021355,0.021361,0.02112,0.021253,0,6733238,0.665000000000006,0
"lykke","LKK","Lykke",2019-02-13,1174,0.021249,0.024738,0.021138,0.024706,0,7827057,0.991111111111111,0
"lykke","LKK","Lykke",2019-02-14,1174,0.024706,0.024939,0.021149,0.023432,0,7423588,0.600789473684211,0
"lykke","LKK","Lykke",2019-02-15,1174,0.023429,0.023433,0.021275,0.021275,0,6740229,0,0
"lykke","LKK","Lykke",2019-02-16,1174,0.021275,0.022305,0.021158,0.022305,0,7066315,1.04272727272727,0
"lykke","LKK","Lykke",2019-02-17,1174,0.022305,0.022637,0.022108,0.022637,0,7171721,1.058,0
